drug_a,drug_b,interaction_type,severity,mechanism_action,clinical_recommendation
apixaban,aspirin,interacts_with,high,Additive antithrombotic or gastrointestinal bleeding risk.,"Avoid routine combination unless clinician documents indication; monitor bleeding, CBC, renal function, and counsel patient."
apixaban,clopidogrel,interacts_with,high,Additive antithrombotic or gastrointestinal bleeding risk.,"Avoid routine combination unless clinician documents indication; monitor bleeding, CBC, renal function, and counsel patient."
apixaban,ticagrelor,interacts_with,high,Additive antithrombotic or gastrointestinal bleeding risk.,"Avoid routine combination unless clinician documents indication; monitor bleeding, CBC, renal function, and counsel patient."
apixaban,prasugrel,interacts_with,high,Additive antithrombotic or gastrointestinal bleeding risk.,"Avoid routine combination unless clinician documents indication; monitor bleeding, CBC, renal function, and counsel patient."
apixaban,ibuprofen,interacts_with,high,Additive antithrombotic or gastrointestinal bleeding risk.,"Avoid routine combination unless clinician documents indication; monitor bleeding, CBC, renal function, and counsel patient."
apixaban,naproxen,interacts_with,high,Additive antithrombotic or gastrointestinal bleeding risk.,"Avoid routine combination unless clinician documents indication; monitor bleeding, CBC, renal function, and counsel patient."
apixaban,diclofenac,interacts_with,high,Additive antithrombotic or gastrointestinal bleeding risk.,"Avoid routine combination unless clinician documents indication; monitor bleeding, CBC, renal function, and counsel patient."
apixaban,ketorolac,interacts_with,high,Additive antithrombotic or gastrointestinal bleeding risk.,"Avoid routine combination unless clinician documents indication; monitor bleeding, CBC, renal function, and counsel patient."
apixaban,celecoxib,interacts_with,high,Additive antithrombotic or gastrointestinal bleeding risk.,"Avoid routine combination unless clinician documents indication; monitor bleeding, CBC, renal function, and counsel patient."
rivaroxaban,aspirin,interacts_with,high,Additive antithrombotic or gastrointestinal bleeding risk.,"Avoid routine combination unless clinician documents indication; monitor bleeding, CBC, renal function, and counsel patient."
rivaroxaban,clopidogrel,interacts_with,high,Additive antithrombotic or gastrointestinal bleeding risk.,"Avoid routine combination unless clinician documents indication; monitor bleeding, CBC, renal function, and counsel patient."
rivaroxaban,ticagrelor,interacts_with,high,Additive antithrombotic or gastrointestinal bleeding risk.,"Avoid routine combination unless clinician documents indication; monitor bleeding, CBC, renal function, and counsel patient."
rivaroxaban,prasugrel,interacts_with,high,Additive antithrombotic or gastrointestinal bleeding risk.,"Avoid routine combination unless clinician documents indication; monitor bleeding, CBC, renal function, and counsel patient."
rivaroxaban,ibuprofen,interacts_with,high,Additive antithrombotic or gastrointestinal bleeding risk.,"Avoid routine combination unless clinician documents indication; monitor bleeding, CBC, renal function, and counsel patient."
rivaroxaban,naproxen,interacts_with,high,Additive antithrombotic or gastrointestinal bleeding risk.,"Avoid routine combination unless clinician documents indication; monitor bleeding, CBC, renal function, and counsel patient."
rivaroxaban,diclofenac,interacts_with,high,Additive antithrombotic or gastrointestinal bleeding risk.,"Avoid routine combination unless clinician documents indication; monitor bleeding, CBC, renal function, and counsel patient."
rivaroxaban,ketorolac,interacts_with,high,Additive antithrombotic or gastrointestinal bleeding risk.,"Avoid routine combination unless clinician documents indication; monitor bleeding, CBC, renal function, and counsel patient."
rivaroxaban,celecoxib,interacts_with,high,Additive antithrombotic or gastrointestinal bleeding risk.,"Avoid routine combination unless clinician documents indication; monitor bleeding, CBC, renal function, and counsel patient."
warfarin,aspirin,interacts_with,high,Additive antithrombotic or gastrointestinal bleeding risk.,"Avoid routine combination unless clinician documents indication; monitor bleeding, CBC, renal function, and counsel patient."
warfarin,clopidogrel,interacts_with,high,Additive antithrombotic or gastrointestinal bleeding risk.,"Avoid routine combination unless clinician documents indication; monitor bleeding, CBC, renal function, and counsel patient."
warfarin,ticagrelor,interacts_with,high,Additive antithrombotic or gastrointestinal bleeding risk.,"Avoid routine combination unless clinician documents indication; monitor bleeding, CBC, renal function, and counsel patient."
warfarin,prasugrel,interacts_with,high,Additive antithrombotic or gastrointestinal bleeding risk.,"Avoid routine combination unless clinician documents indication; monitor bleeding, CBC, renal function, and counsel patient."
warfarin,ibuprofen,interacts_with,high,Additive antithrombotic or gastrointestinal bleeding risk.,"Avoid routine combination unless clinician documents indication; monitor bleeding, CBC, renal function, and counsel patient."
warfarin,naproxen,interacts_with,high,Additive antithrombotic or gastrointestinal bleeding risk.,"Avoid routine combination unless clinician documents indication; monitor bleeding, CBC, renal function, and counsel patient."
warfarin,diclofenac,interacts_with,high,Additive antithrombotic or gastrointestinal bleeding risk.,"Avoid routine combination unless clinician documents indication; monitor bleeding, CBC, renal function, and counsel patient."
warfarin,ketorolac,interacts_with,high,Additive antithrombotic or gastrointestinal bleeding risk.,"Avoid routine combination unless clinician documents indication; monitor bleeding, CBC, renal function, and counsel patient."
warfarin,celecoxib,interacts_with,high,Additive antithrombotic or gastrointestinal bleeding risk.,"Avoid routine combination unless clinician documents indication; monitor bleeding, CBC, renal function, and counsel patient."
dabigatran,aspirin,interacts_with,high,Additive antithrombotic or gastrointestinal bleeding risk.,"Avoid routine combination unless clinician documents indication; monitor bleeding, CBC, renal function, and counsel patient."
dabigatran,clopidogrel,interacts_with,high,Additive antithrombotic or gastrointestinal bleeding risk.,"Avoid routine combination unless clinician documents indication; monitor bleeding, CBC, renal function, and counsel patient."
dabigatran,ticagrelor,interacts_with,high,Additive antithrombotic or gastrointestinal bleeding risk.,"Avoid routine combination unless clinician documents indication; monitor bleeding, CBC, renal function, and counsel patient."
dabigatran,prasugrel,interacts_with,high,Additive antithrombotic or gastrointestinal bleeding risk.,"Avoid routine combination unless clinician documents indication; monitor bleeding, CBC, renal function, and counsel patient."
dabigatran,ibuprofen,interacts_with,high,Additive antithrombotic or gastrointestinal bleeding risk.,"Avoid routine combination unless clinician documents indication; monitor bleeding, CBC, renal function, and counsel patient."
dabigatran,naproxen,interacts_with,high,Additive antithrombotic or gastrointestinal bleeding risk.,"Avoid routine combination unless clinician documents indication; monitor bleeding, CBC, renal function, and counsel patient."
dabigatran,diclofenac,interacts_with,high,Additive antithrombotic or gastrointestinal bleeding risk.,"Avoid routine combination unless clinician documents indication; monitor bleeding, CBC, renal function, and counsel patient."
dabigatran,ketorolac,interacts_with,high,Additive antithrombotic or gastrointestinal bleeding risk.,"Avoid routine combination unless clinician documents indication; monitor bleeding, CBC, renal function, and counsel patient."
dabigatran,celecoxib,interacts_with,high,Additive antithrombotic or gastrointestinal bleeding risk.,"Avoid routine combination unless clinician documents indication; monitor bleeding, CBC, renal function, and counsel patient."
heparin,aspirin,interacts_with,high,Additive antithrombotic or gastrointestinal bleeding risk.,"Avoid routine combination unless clinician documents indication; monitor bleeding, CBC, renal function, and counsel patient."
heparin,clopidogrel,interacts_with,high,Additive antithrombotic or gastrointestinal bleeding risk.,"Avoid routine combination unless clinician documents indication; monitor bleeding, CBC, renal function, and counsel patient."
heparin,ticagrelor,interacts_with,high,Additive antithrombotic or gastrointestinal bleeding risk.,"Avoid routine combination unless clinician documents indication; monitor bleeding, CBC, renal function, and counsel patient."
heparin,prasugrel,interacts_with,high,Additive antithrombotic or gastrointestinal bleeding risk.,"Avoid routine combination unless clinician documents indication; monitor bleeding, CBC, renal function, and counsel patient."
heparin,ibuprofen,interacts_with,high,Additive antithrombotic or gastrointestinal bleeding risk.,"Avoid routine combination unless clinician documents indication; monitor bleeding, CBC, renal function, and counsel patient."
heparin,naproxen,interacts_with,high,Additive antithrombotic or gastrointestinal bleeding risk.,"Avoid routine combination unless clinician documents indication; monitor bleeding, CBC, renal function, and counsel patient."
heparin,diclofenac,interacts_with,high,Additive antithrombotic or gastrointestinal bleeding risk.,"Avoid routine combination unless clinician documents indication; monitor bleeding, CBC, renal function, and counsel patient."
heparin,ketorolac,interacts_with,high,Additive antithrombotic or gastrointestinal bleeding risk.,"Avoid routine combination unless clinician documents indication; monitor bleeding, CBC, renal function, and counsel patient."
heparin,celecoxib,interacts_with,high,Additive antithrombotic or gastrointestinal bleeding risk.,"Avoid routine combination unless clinician documents indication; monitor bleeding, CBC, renal function, and counsel patient."
lisinopril,spironolactone,interacts_with,high,Combined RAAS or potassium-retaining effect can increase serum potassium and worsen renal function.,Check K and Cr within recommended interval; avoid if K is high or renal function is unstable.
lisinopril,eplerenone,interacts_with,high,Combined RAAS or potassium-retaining effect can increase serum potassium and worsen renal function.,Check K and Cr within recommended interval; avoid if K is high or renal function is unstable.
lisinopril,potassium chloride,interacts_with,high,Combined RAAS or potassium-retaining effect can increase serum potassium and worsen renal function.,Check K and Cr within recommended interval; avoid if K is high or renal function is unstable.
lisinopril,trimethoprim,interacts_with,high,Combined RAAS or potassium-retaining effect can increase serum potassium and worsen renal function.,Check K and Cr within recommended interval; avoid if K is high or renal function is unstable.
enalapril,spironolactone,interacts_with,high,Combined RAAS or potassium-retaining effect can increase serum potassium and worsen renal function.,Check K and Cr within recommended interval; avoid if K is high or renal function is unstable.
enalapril,eplerenone,interacts_with,high,Combined RAAS or potassium-retaining effect can increase serum potassium and worsen renal function.,Check K and Cr within recommended interval; avoid if K is high or renal function is unstable.
enalapril,potassium chloride,interacts_with,high,Combined RAAS or potassium-retaining effect can increase serum potassium and worsen renal function.,Check K and Cr within recommended interval; avoid if K is high or renal function is unstable.
enalapril,trimethoprim,interacts_with,high,Combined RAAS or potassium-retaining effect can increase serum potassium and worsen renal function.,Check K and Cr within recommended interval; avoid if K is high or renal function is unstable.
losartan,spironolactone,interacts_with,high,Combined RAAS or potassium-retaining effect can increase serum potassium and worsen renal function.,Check K and Cr within recommended interval; avoid if K is high or renal function is unstable.
losartan,eplerenone,interacts_with,high,Combined RAAS or potassium-retaining effect can increase serum potassium and worsen renal function.,Check K and Cr within recommended interval; avoid if K is high or renal function is unstable.
losartan,potassium chloride,interacts_with,high,Combined RAAS or potassium-retaining effect can increase serum potassium and worsen renal function.,Check K and Cr within recommended interval; avoid if K is high or renal function is unstable.
losartan,trimethoprim,interacts_with,high,Combined RAAS or potassium-retaining effect can increase serum potassium and worsen renal function.,Check K and Cr within recommended interval; avoid if K is high or renal function is unstable.
valsartan,spironolactone,interacts_with,high,Combined RAAS or potassium-retaining effect can increase serum potassium and worsen renal function.,Check K and Cr within recommended interval; avoid if K is high or renal function is unstable.
valsartan,eplerenone,interacts_with,high,Combined RAAS or potassium-retaining effect can increase serum potassium and worsen renal function.,Check K and Cr within recommended interval; avoid if K is high or renal function is unstable.
valsartan,potassium chloride,interacts_with,high,Combined RAAS or potassium-retaining effect can increase serum potassium and worsen renal function.,Check K and Cr within recommended interval; avoid if K is high or renal function is unstable.
valsartan,trimethoprim,interacts_with,high,Combined RAAS or potassium-retaining effect can increase serum potassium and worsen renal function.,Check K and Cr within recommended interval; avoid if K is high or renal function is unstable.
azithromycin,clarithromycin,interacts_with,high,"Combined QT-prolonging agents may increase torsades de pointes risk, especially with low K or Mg.",Avoid if possible; obtain ECG and electrolytes if combination is clinically necessary.
azithromycin,levofloxacin,interacts_with,high,"Combined QT-prolonging agents may increase torsades de pointes risk, especially with low K or Mg.",Avoid if possible; obtain ECG and electrolytes if combination is clinically necessary.
azithromycin,moxifloxacin,interacts_with,high,"Combined QT-prolonging agents may increase torsades de pointes risk, especially with low K or Mg.",Avoid if possible; obtain ECG and electrolytes if combination is clinically necessary.
azithromycin,amiodarone,interacts_with,critical,"Combined QT-prolonging agents may increase torsades de pointes risk, especially with low K or Mg.",Avoid if possible; obtain ECG and electrolytes if combination is clinically necessary.
azithromycin,sotalol,interacts_with,critical,"Combined QT-prolonging agents may increase torsades de pointes risk, especially with low K or Mg.",Avoid if possible; obtain ECG and electrolytes if combination is clinically necessary.
azithromycin,haloperidol,interacts_with,high,"Combined QT-prolonging agents may increase torsades de pointes risk, especially with low K or Mg.",Avoid if possible; obtain ECG and electrolytes if combination is clinically necessary.
azithromycin,ondansetron,interacts_with,high,"Combined QT-prolonging agents may increase torsades de pointes risk, especially with low K or Mg.",Avoid if possible; obtain ECG and electrolytes if combination is clinically necessary.
azithromycin,citalopram,interacts_with,high,"Combined QT-prolonging agents may increase torsades de pointes risk, especially with low K or Mg.",Avoid if possible; obtain ECG and electrolytes if combination is clinically necessary.
azithromycin,escitalopram,interacts_with,high,"Combined QT-prolonging agents may increase torsades de pointes risk, especially with low K or Mg.",Avoid if possible; obtain ECG and electrolytes if combination is clinically necessary.
clarithromycin,levofloxacin,interacts_with,high,"Combined QT-prolonging agents may increase torsades de pointes risk, especially with low K or Mg.",Avoid if possible; obtain ECG and electrolytes if combination is clinically necessary.
clarithromycin,moxifloxacin,interacts_with,high,"Combined QT-prolonging agents may increase torsades de pointes risk, especially with low K or Mg.",Avoid if possible; obtain ECG and electrolytes if combination is clinically necessary.
clarithromycin,amiodarone,interacts_with,critical,"Combined QT-prolonging agents may increase torsades de pointes risk, especially with low K or Mg.",Avoid if possible; obtain ECG and electrolytes if combination is clinically necessary.
clarithromycin,sotalol,interacts_with,critical,"Combined QT-prolonging agents may increase torsades de pointes risk, especially with low K or Mg.",Avoid if possible; obtain ECG and electrolytes if combination is clinically necessary.
clarithromycin,haloperidol,interacts_with,high,"Combined QT-prolonging agents may increase torsades de pointes risk, especially with low K or Mg.",Avoid if possible; obtain ECG and electrolytes if combination is clinically necessary.
clarithromycin,ondansetron,interacts_with,high,"Combined QT-prolonging agents may increase torsades de pointes risk, especially with low K or Mg.",Avoid if possible; obtain ECG and electrolytes if combination is clinically necessary.
clarithromycin,citalopram,interacts_with,high,"Combined QT-prolonging agents may increase torsades de pointes risk, especially with low K or Mg.",Avoid if possible; obtain ECG and electrolytes if combination is clinically necessary.
clarithromycin,escitalopram,interacts_with,high,"Combined QT-prolonging agents may increase torsades de pointes risk, especially with low K or Mg.",Avoid if possible; obtain ECG and electrolytes if combination is clinically necessary.
levofloxacin,moxifloxacin,interacts_with,high,"Combined QT-prolonging agents may increase torsades de pointes risk, especially with low K or Mg.",Avoid if possible; obtain ECG and electrolytes if combination is clinically necessary.
levofloxacin,amiodarone,interacts_with,critical,"Combined QT-prolonging agents may increase torsades de pointes risk, especially with low K or Mg.",Avoid if possible; obtain ECG and electrolytes if combination is clinically necessary.
levofloxacin,sotalol,interacts_with,critical,"Combined QT-prolonging agents may increase torsades de pointes risk, especially with low K or Mg.",Avoid if possible; obtain ECG and electrolytes if combination is clinically necessary.
levofloxacin,haloperidol,interacts_with,high,"Combined QT-prolonging agents may increase torsades de pointes risk, especially with low K or Mg.",Avoid if possible; obtain ECG and electrolytes if combination is clinically necessary.
levofloxacin,ondansetron,interacts_with,high,"Combined QT-prolonging agents may increase torsades de pointes risk, especially with low K or Mg.",Avoid if possible; obtain ECG and electrolytes if combination is clinically necessary.
levofloxacin,citalopram,interacts_with,high,"Combined QT-prolonging agents may increase torsades de pointes risk, especially with low K or Mg.",Avoid if possible; obtain ECG and electrolytes if combination is clinically necessary.
levofloxacin,escitalopram,interacts_with,high,"Combined QT-prolonging agents may increase torsades de pointes risk, especially with low K or Mg.",Avoid if possible; obtain ECG and electrolytes if combination is clinically necessary.
moxifloxacin,amiodarone,interacts_with,critical,"Combined QT-prolonging agents may increase torsades de pointes risk, especially with low K or Mg.",Avoid if possible; obtain ECG and electrolytes if combination is clinically necessary.
moxifloxacin,sotalol,interacts_with,critical,"Combined QT-prolonging agents may increase torsades de pointes risk, especially with low K or Mg.",Avoid if possible; obtain ECG and electrolytes if combination is clinically necessary.
moxifloxacin,haloperidol,interacts_with,high,"Combined QT-prolonging agents may increase torsades de pointes risk, especially with low K or Mg.",Avoid if possible; obtain ECG and electrolytes if combination is clinically necessary.
moxifloxacin,ondansetron,interacts_with,high,"Combined QT-prolonging agents may increase torsades de pointes risk, especially with low K or Mg.",Avoid if possible; obtain ECG and electrolytes if combination is clinically necessary.
moxifloxacin,citalopram,interacts_with,high,"Combined QT-prolonging agents may increase torsades de pointes risk, especially with low K or Mg.",Avoid if possible; obtain ECG and electrolytes if combination is clinically necessary.
moxifloxacin,escitalopram,interacts_with,high,"Combined QT-prolonging agents may increase torsades de pointes risk, especially with low K or Mg.",Avoid if possible; obtain ECG and electrolytes if combination is clinically necessary.
amiodarone,sotalol,interacts_with,critical,"Combined QT-prolonging agents may increase torsades de pointes risk, especially with low K or Mg.",Avoid if possible; obtain ECG and electrolytes if combination is clinically necessary.
amiodarone,haloperidol,interacts_with,critical,"Combined QT-prolonging agents may increase torsades de pointes risk, especially with low K or Mg.",Avoid if possible; obtain ECG and electrolytes if combination is clinically necessary.
amiodarone,ondansetron,interacts_with,critical,"Combined QT-prolonging agents may increase torsades de pointes risk, especially with low K or Mg.",Avoid if possible; obtain ECG and electrolytes if combination is clinically necessary.
amiodarone,citalopram,interacts_with,critical,"Combined QT-prolonging agents may increase torsades de pointes risk, especially with low K or Mg.",Avoid if possible; obtain ECG and electrolytes if combination is clinically necessary.
amiodarone,escitalopram,interacts_with,critical,"Combined QT-prolonging agents may increase torsades de pointes risk, especially with low K or Mg.",Avoid if possible; obtain ECG and electrolytes if combination is clinically necessary.
sotalol,haloperidol,interacts_with,critical,"Combined QT-prolonging agents may increase torsades de pointes risk, especially with low K or Mg.",Avoid if possible; obtain ECG and electrolytes if combination is clinically necessary.
sotalol,ondansetron,interacts_with,critical,"Combined QT-prolonging agents may increase torsades de pointes risk, especially with low K or Mg.",Avoid if possible; obtain ECG and electrolytes if combination is clinically necessary.
sotalol,citalopram,interacts_with,critical,"Combined QT-prolonging agents may increase torsades de pointes risk, especially with low K or Mg.",Avoid if possible; obtain ECG and electrolytes if combination is clinically necessary.
sotalol,escitalopram,interacts_with,critical,"Combined QT-prolonging agents may increase torsades de pointes risk, especially with low K or Mg.",Avoid if possible; obtain ECG and electrolytes if combination is clinically necessary.
haloperidol,ondansetron,interacts_with,high,"Combined QT-prolonging agents may increase torsades de pointes risk, especially with low K or Mg.",Avoid if possible; obtain ECG and electrolytes if combination is clinically necessary.
haloperidol,citalopram,interacts_with,high,"Combined QT-prolonging agents may increase torsades de pointes risk, especially with low K or Mg.",Avoid if possible; obtain ECG and electrolytes if combination is clinically necessary.
haloperidol,escitalopram,interacts_with,high,"Combined QT-prolonging agents may increase torsades de pointes risk, especially with low K or Mg.",Avoid if possible; obtain ECG and electrolytes if combination is clinically necessary.
ondansetron,citalopram,interacts_with,high,"Combined QT-prolonging agents may increase torsades de pointes risk, especially with low K or Mg.",Avoid if possible; obtain ECG and electrolytes if combination is clinically necessary.
ondansetron,escitalopram,interacts_with,high,"Combined QT-prolonging agents may increase torsades de pointes risk, especially with low K or Mg.",Avoid if possible; obtain ECG and electrolytes if combination is clinically necessary.
citalopram,escitalopram,interacts_with,high,"Combined QT-prolonging agents may increase torsades de pointes risk, especially with low K or Mg.",Avoid if possible; obtain ECG and electrolytes if combination is clinically necessary.
simvastatin,clarithromycin,interacts_with,high,CYP or transporter inhibition may raise statin exposure and increase myopathy or rhabdomyolysis risk.,"Hold or reduce statin, choose alternative antibiotic, and monitor muscle symptoms and CK if indicated."
simvastatin,erythromycin,interacts_with,high,CYP or transporter inhibition may raise statin exposure and increase myopathy or rhabdomyolysis risk.,"Hold or reduce statin, choose alternative antibiotic, and monitor muscle symptoms and CK if indicated."
simvastatin,itraconazole,interacts_with,high,CYP or transporter inhibition may raise statin exposure and increase myopathy or rhabdomyolysis risk.,"Hold or reduce statin, choose alternative antibiotic, and monitor muscle symptoms and CK if indicated."
simvastatin,ketoconazole,interacts_with,high,CYP or transporter inhibition may raise statin exposure and increase myopathy or rhabdomyolysis risk.,"Hold or reduce statin, choose alternative antibiotic, and monitor muscle symptoms and CK if indicated."
simvastatin,ritonavir,interacts_with,high,CYP or transporter inhibition may raise statin exposure and increase myopathy or rhabdomyolysis risk.,"Hold or reduce statin, choose alternative antibiotic, and monitor muscle symptoms and CK if indicated."
simvastatin,diltiazem,interacts_with,high,CYP or transporter inhibition may raise statin exposure and increase myopathy or rhabdomyolysis risk.,"Hold or reduce statin, choose alternative antibiotic, and monitor muscle symptoms and CK if indicated."
simvastatin,verapamil,interacts_with,high,CYP or transporter inhibition may raise statin exposure and increase myopathy or rhabdomyolysis risk.,"Hold or reduce statin, choose alternative antibiotic, and monitor muscle symptoms and CK if indicated."
simvastatin,amiodarone,interacts_with,high,CYP or transporter inhibition may raise statin exposure and increase myopathy or rhabdomyolysis risk.,"Hold or reduce statin, choose alternative antibiotic, and monitor muscle symptoms and CK if indicated."
simvastatin,gemfibrozil,interacts_with,high,CYP or transporter inhibition may raise statin exposure and increase myopathy or rhabdomyolysis risk.,"Hold or reduce statin, choose alternative antibiotic, and monitor muscle symptoms and CK if indicated."
atorvastatin,clarithromycin,interacts_with,high,CYP or transporter inhibition may raise statin exposure and increase myopathy or rhabdomyolysis risk.,"Hold or reduce statin, choose alternative antibiotic, and monitor muscle symptoms and CK if indicated."
atorvastatin,erythromycin,interacts_with,high,CYP or transporter inhibition may raise statin exposure and increase myopathy or rhabdomyolysis risk.,"Hold or reduce statin, choose alternative antibiotic, and monitor muscle symptoms and CK if indicated."
atorvastatin,itraconazole,interacts_with,high,CYP or transporter inhibition may raise statin exposure and increase myopathy or rhabdomyolysis risk.,"Hold or reduce statin, choose alternative antibiotic, and monitor muscle symptoms and CK if indicated."
atorvastatin,ketoconazole,interacts_with,high,CYP or transporter inhibition may raise statin exposure and increase myopathy or rhabdomyolysis risk.,"Hold or reduce statin, choose alternative antibiotic, and monitor muscle symptoms and CK if indicated."
atorvastatin,ritonavir,interacts_with,high,CYP or transporter inhibition may raise statin exposure and increase myopathy or rhabdomyolysis risk.,"Hold or reduce statin, choose alternative antibiotic, and monitor muscle symptoms and CK if indicated."
atorvastatin,diltiazem,interacts_with,high,CYP or transporter inhibition may raise statin exposure and increase myopathy or rhabdomyolysis risk.,"Hold or reduce statin, choose alternative antibiotic, and monitor muscle symptoms and CK if indicated."
atorvastatin,verapamil,interacts_with,high,CYP or transporter inhibition may raise statin exposure and increase myopathy or rhabdomyolysis risk.,"Hold or reduce statin, choose alternative antibiotic, and monitor muscle symptoms and CK if indicated."
atorvastatin,amiodarone,interacts_with,high,CYP or transporter inhibition may raise statin exposure and increase myopathy or rhabdomyolysis risk.,"Hold or reduce statin, choose alternative antibiotic, and monitor muscle symptoms and CK if indicated."
atorvastatin,gemfibrozil,interacts_with,high,CYP or transporter inhibition may raise statin exposure and increase myopathy or rhabdomyolysis risk.,"Hold or reduce statin, choose alternative antibiotic, and monitor muscle symptoms and CK if indicated."
rosuvastatin,clarithromycin,interacts_with,medium,CYP or transporter inhibition may raise statin exposure and increase myopathy or rhabdomyolysis risk.,"Hold or reduce statin, choose alternative antibiotic, and monitor muscle symptoms and CK if indicated."
rosuvastatin,erythromycin,interacts_with,medium,CYP or transporter inhibition may raise statin exposure and increase myopathy or rhabdomyolysis risk.,"Hold or reduce statin, choose alternative antibiotic, and monitor muscle symptoms and CK if indicated."
rosuvastatin,itraconazole,interacts_with,medium,CYP or transporter inhibition may raise statin exposure and increase myopathy or rhabdomyolysis risk.,"Hold or reduce statin, choose alternative antibiotic, and monitor muscle symptoms and CK if indicated."
rosuvastatin,ketoconazole,interacts_with,medium,CYP or transporter inhibition may raise statin exposure and increase myopathy or rhabdomyolysis risk.,"Hold or reduce statin, choose alternative antibiotic, and monitor muscle symptoms and CK if indicated."
rosuvastatin,ritonavir,interacts_with,medium,CYP or transporter inhibition may raise statin exposure and increase myopathy or rhabdomyolysis risk.,"Hold or reduce statin, choose alternative antibiotic, and monitor muscle symptoms and CK if indicated."
rosuvastatin,diltiazem,interacts_with,medium,CYP or transporter inhibition may raise statin exposure and increase myopathy or rhabdomyolysis risk.,"Hold or reduce statin, choose alternative antibiotic, and monitor muscle symptoms and CK if indicated."
rosuvastatin,verapamil,interacts_with,medium,CYP or transporter inhibition may raise statin exposure and increase myopathy or rhabdomyolysis risk.,"Hold or reduce statin, choose alternative antibiotic, and monitor muscle symptoms and CK if indicated."
rosuvastatin,amiodarone,interacts_with,medium,CYP or transporter inhibition may raise statin exposure and increase myopathy or rhabdomyolysis risk.,"Hold or reduce statin, choose alternative antibiotic, and monitor muscle symptoms and CK if indicated."
rosuvastatin,gemfibrozil,interacts_with,medium,CYP or transporter inhibition may raise statin exposure and increase myopathy or rhabdomyolysis risk.,"Hold or reduce statin, choose alternative antibiotic, and monitor muscle symptoms and CK if indicated."
morphine,diazepam,interacts_with,critical,Additive CNS and respiratory depression risk.,"Avoid routine co-prescribing; use lowest dose, monitor sedation/RR/SpO2, and provide naloxone education when appropriate."
morphine,lorazepam,interacts_with,critical,Additive CNS and respiratory depression risk.,"Avoid routine co-prescribing; use lowest dose, monitor sedation/RR/SpO2, and provide naloxone education when appropriate."
morphine,alprazolam,interacts_with,critical,Additive CNS and respiratory depression risk.,"Avoid routine co-prescribing; use lowest dose, monitor sedation/RR/SpO2, and provide naloxone education when appropriate."
morphine,clonazepam,interacts_with,critical,Additive CNS and respiratory depression risk.,"Avoid routine co-prescribing; use lowest dose, monitor sedation/RR/SpO2, and provide naloxone education when appropriate."
morphine,zolpidem,interacts_with,critical,Additive CNS and respiratory depression risk.,"Avoid routine co-prescribing; use lowest dose, monitor sedation/RR/SpO2, and provide naloxone education when appropriate."
oxycodone,diazepam,interacts_with,critical,Additive CNS and respiratory depression risk.,"Avoid routine co-prescribing; use lowest dose, monitor sedation/RR/SpO2, and provide naloxone education when appropriate."
oxycodone,lorazepam,interacts_with,critical,Additive CNS and respiratory depression risk.,"Avoid routine co-prescribing; use lowest dose, monitor sedation/RR/SpO2, and provide naloxone education when appropriate."
oxycodone,alprazolam,interacts_with,critical,Additive CNS and respiratory depression risk.,"Avoid routine co-prescribing; use lowest dose, monitor sedation/RR/SpO2, and provide naloxone education when appropriate."
oxycodone,clonazepam,interacts_with,critical,Additive CNS and respiratory depression risk.,"Avoid routine co-prescribing; use lowest dose, monitor sedation/RR/SpO2, and provide naloxone education when appropriate."
oxycodone,zolpidem,interacts_with,critical,Additive CNS and respiratory depression risk.,"Avoid routine co-prescribing; use lowest dose, monitor sedation/RR/SpO2, and provide naloxone education when appropriate."
hydromorphone,diazepam,interacts_with,critical,Additive CNS and respiratory depression risk.,"Avoid routine co-prescribing; use lowest dose, monitor sedation/RR/SpO2, and provide naloxone education when appropriate."
hydromorphone,lorazepam,interacts_with,critical,Additive CNS and respiratory depression risk.,"Avoid routine co-prescribing; use lowest dose, monitor sedation/RR/SpO2, and provide naloxone education when appropriate."
hydromorphone,alprazolam,interacts_with,critical,Additive CNS and respiratory depression risk.,"Avoid routine co-prescribing; use lowest dose, monitor sedation/RR/SpO2, and provide naloxone education when appropriate."
hydromorphone,clonazepam,interacts_with,critical,Additive CNS and respiratory depression risk.,"Avoid routine co-prescribing; use lowest dose, monitor sedation/RR/SpO2, and provide naloxone education when appropriate."
hydromorphone,zolpidem,interacts_with,critical,Additive CNS and respiratory depression risk.,"Avoid routine co-prescribing; use lowest dose, monitor sedation/RR/SpO2, and provide naloxone education when appropriate."
tramadol,diazepam,interacts_with,critical,Additive CNS and respiratory depression risk.,"Avoid routine co-prescribing; use lowest dose, monitor sedation/RR/SpO2, and provide naloxone education when appropriate."
tramadol,lorazepam,interacts_with,critical,Additive CNS and respiratory depression risk.,"Avoid routine co-prescribing; use lowest dose, monitor sedation/RR/SpO2, and provide naloxone education when appropriate."
tramadol,alprazolam,interacts_with,critical,Additive CNS and respiratory depression risk.,"Avoid routine co-prescribing; use lowest dose, monitor sedation/RR/SpO2, and provide naloxone education when appropriate."
tramadol,clonazepam,interacts_with,critical,Additive CNS and respiratory depression risk.,"Avoid routine co-prescribing; use lowest dose, monitor sedation/RR/SpO2, and provide naloxone education when appropriate."
tramadol,zolpidem,interacts_with,critical,Additive CNS and respiratory depression risk.,"Avoid routine co-prescribing; use lowest dose, monitor sedation/RR/SpO2, and provide naloxone education when appropriate."
sertraline,linezolid,interacts_with,critical,Serotonergic activity can precipitate serotonin syndrome.,"Avoid contraindicated combinations; monitor for agitation, tremor, clonus, fever, and autonomic instability."
sertraline,tramadol,interacts_with,medium,Serotonergic activity can precipitate serotonin syndrome.,"Avoid contraindicated combinations; monitor for agitation, tremor, clonus, fever, and autonomic instability."
sertraline,sumatriptan,interacts_with,medium,Serotonergic activity can precipitate serotonin syndrome.,"Avoid contraindicated combinations; monitor for agitation, tremor, clonus, fever, and autonomic instability."
sertraline,dextromethorphan,interacts_with,medium,Serotonergic activity can precipitate serotonin syndrome.,"Avoid contraindicated combinations; monitor for agitation, tremor, clonus, fever, and autonomic instability."
sertraline,phenelzine,contraindicates,critical,Serotonergic activity can precipitate serotonin syndrome.,"Avoid contraindicated combinations; monitor for agitation, tremor, clonus, fever, and autonomic instability."
fluoxetine,linezolid,interacts_with,critical,Serotonergic activity can precipitate serotonin syndrome.,"Avoid contraindicated combinations; monitor for agitation, tremor, clonus, fever, and autonomic instability."
fluoxetine,tramadol,interacts_with,medium,Serotonergic activity can precipitate serotonin syndrome.,"Avoid contraindicated combinations; monitor for agitation, tremor, clonus, fever, and autonomic instability."
fluoxetine,sumatriptan,interacts_with,medium,Serotonergic activity can precipitate serotonin syndrome.,"Avoid contraindicated combinations; monitor for agitation, tremor, clonus, fever, and autonomic instability."
fluoxetine,dextromethorphan,interacts_with,medium,Serotonergic activity can precipitate serotonin syndrome.,"Avoid contraindicated combinations; monitor for agitation, tremor, clonus, fever, and autonomic instability."
fluoxetine,phenelzine,contraindicates,critical,Serotonergic activity can precipitate serotonin syndrome.,"Avoid contraindicated combinations; monitor for agitation, tremor, clonus, fever, and autonomic instability."
paroxetine,linezolid,interacts_with,critical,Serotonergic activity can precipitate serotonin syndrome.,"Avoid contraindicated combinations; monitor for agitation, tremor, clonus, fever, and autonomic instability."
paroxetine,tramadol,interacts_with,medium,Serotonergic activity can precipitate serotonin syndrome.,"Avoid contraindicated combinations; monitor for agitation, tremor, clonus, fever, and autonomic instability."
paroxetine,sumatriptan,interacts_with,medium,Serotonergic activity can precipitate serotonin syndrome.,"Avoid contraindicated combinations; monitor for agitation, tremor, clonus, fever, and autonomic instability."
paroxetine,dextromethorphan,interacts_with,medium,Serotonergic activity can precipitate serotonin syndrome.,"Avoid contraindicated combinations; monitor for agitation, tremor, clonus, fever, and autonomic instability."
paroxetine,phenelzine,contraindicates,critical,Serotonergic activity can precipitate serotonin syndrome.,"Avoid contraindicated combinations; monitor for agitation, tremor, clonus, fever, and autonomic instability."
citalopram,linezolid,interacts_with,critical,Serotonergic activity can precipitate serotonin syndrome.,"Avoid contraindicated combinations; monitor for agitation, tremor, clonus, fever, and autonomic instability."
citalopram,tramadol,interacts_with,medium,Serotonergic activity can precipitate serotonin syndrome.,"Avoid contraindicated combinations; monitor for agitation, tremor, clonus, fever, and autonomic instability."
citalopram,sumatriptan,interacts_with,medium,Serotonergic activity can precipitate serotonin syndrome.,"Avoid contraindicated combinations; monitor for agitation, tremor, clonus, fever, and autonomic instability."
citalopram,dextromethorphan,interacts_with,medium,Serotonergic activity can precipitate serotonin syndrome.,"Avoid contraindicated combinations; monitor for agitation, tremor, clonus, fever, and autonomic instability."
citalopram,phenelzine,contraindicates,critical,Serotonergic activity can precipitate serotonin syndrome.,"Avoid contraindicated combinations; monitor for agitation, tremor, clonus, fever, and autonomic instability."
escitalopram,linezolid,interacts_with,critical,Serotonergic activity can precipitate serotonin syndrome.,"Avoid contraindicated combinations; monitor for agitation, tremor, clonus, fever, and autonomic instability."
escitalopram,tramadol,interacts_with,medium,Serotonergic activity can precipitate serotonin syndrome.,"Avoid contraindicated combinations; monitor for agitation, tremor, clonus, fever, and autonomic instability."
escitalopram,sumatriptan,interacts_with,medium,Serotonergic activity can precipitate serotonin syndrome.,"Avoid contraindicated combinations; monitor for agitation, tremor, clonus, fever, and autonomic instability."
escitalopram,dextromethorphan,interacts_with,medium,Serotonergic activity can precipitate serotonin syndrome.,"Avoid contraindicated combinations; monitor for agitation, tremor, clonus, fever, and autonomic instability."
escitalopram,phenelzine,contraindicates,critical,Serotonergic activity can precipitate serotonin syndrome.,"Avoid contraindicated combinations; monitor for agitation, tremor, clonus, fever, and autonomic instability."
venlafaxine,linezolid,interacts_with,critical,Serotonergic activity can precipitate serotonin syndrome.,"Avoid contraindicated combinations; monitor for agitation, tremor, clonus, fever, and autonomic instability."
venlafaxine,tramadol,interacts_with,medium,Serotonergic activity can precipitate serotonin syndrome.,"Avoid contraindicated combinations; monitor for agitation, tremor, clonus, fever, and autonomic instability."
venlafaxine,sumatriptan,interacts_with,medium,Serotonergic activity can precipitate serotonin syndrome.,"Avoid contraindicated combinations; monitor for agitation, tremor, clonus, fever, and autonomic instability."
venlafaxine,dextromethorphan,interacts_with,medium,Serotonergic activity can precipitate serotonin syndrome.,"Avoid contraindicated combinations; monitor for agitation, tremor, clonus, fever, and autonomic instability."
venlafaxine,phenelzine,contraindicates,critical,Serotonergic activity can precipitate serotonin syndrome.,"Avoid contraindicated combinations; monitor for agitation, tremor, clonus, fever, and autonomic instability."
warfarin,amiodarone,interacts_with,high,Interaction can alter INR or add bleeding risk.,"Check INR more frequently, consider dose adjustment, and counsel patient about bleeding signs."
warfarin,metronidazole,interacts_with,high,Interaction can alter INR or add bleeding risk.,"Check INR more frequently, consider dose adjustment, and counsel patient about bleeding signs."
warfarin,trimethoprim-sulfamethoxazole,interacts_with,high,Interaction can alter INR or add bleeding risk.,"Check INR more frequently, consider dose adjustment, and counsel patient about bleeding signs."
warfarin,fluconazole,interacts_with,high,Interaction can alter INR or add bleeding risk.,"Check INR more frequently, consider dose adjustment, and counsel patient about bleeding signs."
warfarin,ciprofloxacin,interacts_with,high,Interaction can alter INR or add bleeding risk.,"Check INR more frequently, consider dose adjustment, and counsel patient about bleeding signs."
warfarin,aspirin,interacts_with,high,Interaction can alter INR or add bleeding risk.,"Check INR more frequently, consider dose adjustment, and counsel patient about bleeding signs."
warfarin,ibuprofen,interacts_with,high,Interaction can alter INR or add bleeding risk.,"Check INR more frequently, consider dose adjustment, and counsel patient about bleeding signs."
warfarin,naproxen,interacts_with,high,Interaction can alter INR or add bleeding risk.,"Check INR more frequently, consider dose adjustment, and counsel patient about bleeding signs."
warfarin,phenytoin,interacts_with,high,Interaction can alter INR or add bleeding risk.,"Check INR more frequently, consider dose adjustment, and counsel patient about bleeding signs."
warfarin,carbamazepine,interacts_with,high,Interaction can alter INR or add bleeding risk.,"Check INR more frequently, consider dose adjustment, and counsel patient about bleeding signs."
metformin,ckd stage 3,mentioned_with,high,Reduced renal clearance or acute renal stress may increase toxicity risk.,"Verify current eGFR/Cr before use; adjust dose, hold, or select alternative according to protocol."
metformin,egfr < 45,mentioned_with,high,Reduced renal clearance or acute renal stress may increase toxicity risk.,"Verify current eGFR/Cr before use; adjust dose, hold, or select alternative according to protocol."
metformin,egfr < 30,contraindicates,critical,Reduced renal clearance or acute renal stress may increase toxicity risk.,"Verify current eGFR/Cr before use; adjust dose, hold, or select alternative according to protocol."
metformin,acute kidney injury,contraindicates,critical,Reduced renal clearance or acute renal stress may increase toxicity risk.,"Verify current eGFR/Cr before use; adjust dose, hold, or select alternative according to protocol."
metformin,iodinated contrast,mentioned_with,high,Reduced renal clearance or acute renal stress may increase toxicity risk.,"Verify current eGFR/Cr before use; adjust dose, hold, or select alternative according to protocol."
gabapentin,ckd stage 3,mentioned_with,high,Reduced renal clearance or acute renal stress may increase toxicity risk.,"Verify current eGFR/Cr before use; adjust dose, hold, or select alternative according to protocol."
gabapentin,egfr < 45,mentioned_with,high,Reduced renal clearance or acute renal stress may increase toxicity risk.,"Verify current eGFR/Cr before use; adjust dose, hold, or select alternative according to protocol."
gabapentin,egfr < 30,mentioned_with,high,Reduced renal clearance or acute renal stress may increase toxicity risk.,"Verify current eGFR/Cr before use; adjust dose, hold, or select alternative according to protocol."
gabapentin,acute kidney injury,mentioned_with,high,Reduced renal clearance or acute renal stress may increase toxicity risk.,"Verify current eGFR/Cr before use; adjust dose, hold, or select alternative according to protocol."
gabapentin,iodinated contrast,mentioned_with,high,Reduced renal clearance or acute renal stress may increase toxicity risk.,"Verify current eGFR/Cr before use; adjust dose, hold, or select alternative according to protocol."
pregabalin,ckd stage 3,mentioned_with,high,Reduced renal clearance or acute renal stress may increase toxicity risk.,"Verify current eGFR/Cr before use; adjust dose, hold, or select alternative according to protocol."
pregabalin,egfr < 45,mentioned_with,high,Reduced renal clearance or acute renal stress may increase toxicity risk.,"Verify current eGFR/Cr before use; adjust dose, hold, or select alternative according to protocol."
pregabalin,egfr < 30,mentioned_with,high,Reduced renal clearance or acute renal stress may increase toxicity risk.,"Verify current eGFR/Cr before use; adjust dose, hold, or select alternative according to protocol."
pregabalin,acute kidney injury,mentioned_with,high,Reduced renal clearance or acute renal stress may increase toxicity risk.,"Verify current eGFR/Cr before use; adjust dose, hold, or select alternative according to protocol."
pregabalin,iodinated contrast,mentioned_with,high,Reduced renal clearance or acute renal stress may increase toxicity risk.,"Verify current eGFR/Cr before use; adjust dose, hold, or select alternative according to protocol."
enoxaparin,ckd stage 3,mentioned_with,high,Reduced renal clearance or acute renal stress may increase toxicity risk.,"Verify current eGFR/Cr before use; adjust dose, hold, or select alternative according to protocol."
enoxaparin,egfr < 45,mentioned_with,high,Reduced renal clearance or acute renal stress may increase toxicity risk.,"Verify current eGFR/Cr before use; adjust dose, hold, or select alternative according to protocol."
enoxaparin,egfr < 30,mentioned_with,high,Reduced renal clearance or acute renal stress may increase toxicity risk.,"Verify current eGFR/Cr before use; adjust dose, hold, or select alternative according to protocol."
enoxaparin,acute kidney injury,mentioned_with,high,Reduced renal clearance or acute renal stress may increase toxicity risk.,"Verify current eGFR/Cr before use; adjust dose, hold, or select alternative according to protocol."
enoxaparin,iodinated contrast,mentioned_with,high,Reduced renal clearance or acute renal stress may increase toxicity risk.,"Verify current eGFR/Cr before use; adjust dose, hold, or select alternative according to protocol."
vancomycin,ckd stage 3,mentioned_with,high,Reduced renal clearance or acute renal stress may increase toxicity risk.,"Verify current eGFR/Cr before use; adjust dose, hold, or select alternative according to protocol."
vancomycin,egfr < 45,mentioned_with,high,Reduced renal clearance or acute renal stress may increase toxicity risk.,"Verify current eGFR/Cr before use; adjust dose, hold, or select alternative according to protocol."
vancomycin,egfr < 30,mentioned_with,high,Reduced renal clearance or acute renal stress may increase toxicity risk.,"Verify current eGFR/Cr before use; adjust dose, hold, or select alternative according to protocol."
vancomycin,acute kidney injury,mentioned_with,high,Reduced renal clearance or acute renal stress may increase toxicity risk.,"Verify current eGFR/Cr before use; adjust dose, hold, or select alternative according to protocol."
vancomycin,iodinated contrast,mentioned_with,high,Reduced renal clearance or acute renal stress may increase toxicity risk.,"Verify current eGFR/Cr before use; adjust dose, hold, or select alternative according to protocol."
gentamicin,ckd stage 3,mentioned_with,high,Reduced renal clearance or acute renal stress may increase toxicity risk.,"Verify current eGFR/Cr before use; adjust dose, hold, or select alternative according to protocol."
gentamicin,egfr < 45,mentioned_with,high,Reduced renal clearance or acute renal stress may increase toxicity risk.,"Verify current eGFR/Cr before use; adjust dose, hold, or select alternative according to protocol."
gentamicin,egfr < 30,mentioned_with,high,Reduced renal clearance or acute renal stress may increase toxicity risk.,"Verify current eGFR/Cr before use; adjust dose, hold, or select alternative according to protocol."
gentamicin,acute kidney injury,mentioned_with,high,Reduced renal clearance or acute renal stress may increase toxicity risk.,"Verify current eGFR/Cr before use; adjust dose, hold, or select alternative according to protocol."
gentamicin,iodinated contrast,mentioned_with,high,Reduced renal clearance or acute renal stress may increase toxicity risk.,"Verify current eGFR/Cr before use; adjust dose, hold, or select alternative according to protocol."
digoxin,ckd stage 3,mentioned_with,high,Reduced renal clearance or acute renal stress may increase toxicity risk.,"Verify current eGFR/Cr before use; adjust dose, hold, or select alternative according to protocol."
digoxin,egfr < 45,mentioned_with,high,Reduced renal clearance or acute renal stress may increase toxicity risk.,"Verify current eGFR/Cr before use; adjust dose, hold, or select alternative according to protocol."
digoxin,egfr < 30,mentioned_with,high,Reduced renal clearance or acute renal stress may increase toxicity risk.,"Verify current eGFR/Cr before use; adjust dose, hold, or select alternative according to protocol."
digoxin,acute kidney injury,mentioned_with,high,Reduced renal clearance or acute renal stress may increase toxicity risk.,"Verify current eGFR/Cr before use; adjust dose, hold, or select alternative according to protocol."
digoxin,iodinated contrast,mentioned_with,high,Reduced renal clearance or acute renal stress may increase toxicity risk.,"Verify current eGFR/Cr before use; adjust dose, hold, or select alternative according to protocol."
sotalol,ckd stage 3,mentioned_with,high,Reduced renal clearance or acute renal stress may increase toxicity risk.,"Verify current eGFR/Cr before use; adjust dose, hold, or select alternative according to protocol."
sotalol,egfr < 45,mentioned_with,high,Reduced renal clearance or acute renal stress may increase toxicity risk.,"Verify current eGFR/Cr before use; adjust dose, hold, or select alternative according to protocol."
sotalol,egfr < 30,mentioned_with,high,Reduced renal clearance or acute renal stress may increase toxicity risk.,"Verify current eGFR/Cr before use; adjust dose, hold, or select alternative according to protocol."
sotalol,acute kidney injury,mentioned_with,high,Reduced renal clearance or acute renal stress may increase toxicity risk.,"Verify current eGFR/Cr before use; adjust dose, hold, or select alternative according to protocol."
sotalol,iodinated contrast,mentioned_with,high,Reduced renal clearance or acute renal stress may increase toxicity risk.,"Verify current eGFR/Cr before use; adjust dose, hold, or select alternative according to protocol."
amoxicillin,penicillin allergy,contraindicates,critical,Beta-lactam allergy trigger may cause hypersensitivity reaction.,Avoid unless allergy evaluation confirms tolerance.
ampicillin,penicillin allergy,contraindicates,critical,Beta-lactam allergy trigger may cause hypersensitivity reaction.,Avoid unless allergy evaluation confirms tolerance.
cefazolin,severe cephalosporin allergy,contraindicates,high,Cephalosporin allergy trigger may cause hypersensitivity reaction.,Use alternative if severe immediate reaction history.
sulfamethoxazole,sulfonamide allergy,contraindicates,high,"Sulfonamide antibiotic allergy trigger may cause rash, hives, or severe reaction.",Avoid and document allergy details.
latex,latex allergy,contraindicates,high,Latex exposure can trigger contact or systemic allergic reaction.,Use latex-free supplies.
digoxin,amiodarone,interacts_with,high,P-gp inhibition may raise digoxin levels.,"Reduce digoxin dose and monitor level, HR, and toxicity symptoms."
digoxin,verapamil,interacts_with,high,P-gp inhibition may raise digoxin levels.,Monitor digoxin level and bradycardia.
methotrexate,trimethoprim,interacts_with,critical,Additive antifolate effect can cause marrow suppression.,Avoid combination or obtain specialist approval and CBC monitoring.
allopurinol,azathioprine,interacts_with,critical,Xanthine oxidase inhibition raises azathioprine metabolite exposure.,Avoid or drastically reduce azathioprine with specialist oversight.
clopidogrel,omeprazole,interacts_with,medium,CYP2C19 inhibition can reduce clopidogrel activation.,Consider pantoprazole if acid suppression is needed.
verapamil,metoprolol,interacts_with,high,Additive AV nodal blockade may cause bradycardia or hypotension.,"Avoid or monitor HR, BP, and ECG closely."
insulin,glipizide,interacts_with,high,Additive glucose-lowering effect increases hypoglycemia risk.,"Monitor glucose, adjust dose, and educate on hypoglycemia treatment."
prednisone,ibuprofen,interacts_with,medium,Combined steroid and NSAID therapy increases GI bleeding risk.,Use gastroprotection if needed and avoid in high-risk patients.
furosemide,gentamicin,interacts_with,high,Loop diuretic with aminoglycoside can increase ototoxicity/nephrotoxicity risk.,Avoid when possible; monitor renal function and hearing symptoms.
levothyroxine,calcium carbonate,interacts_with,medium,Calcium can reduce levothyroxine absorption.,Separate administration by at least 4 hours.
amlodipine,fall risk,causes,medium,Synthetic clinical safety association used to test medication safety retrieval and rule filtering.,"Review patient-specific context, current labs, and active medication list before final clinical action."
hydrochlorothiazide,fall risk,interacts_with,medium,Synthetic clinical safety association used to test medication safety retrieval and rule filtering.,"Review patient-specific context, current labs, and active medication list before final clinical action."
chlorthalidone,fall risk,mentioned_with,high,Synthetic clinical safety association used to test medication safety retrieval and rule filtering.,"Review patient-specific context, current labs, and active medication list before final clinical action."
carvedilol,fall risk,causes,low,Synthetic clinical safety association used to test medication safety retrieval and rule filtering.,"Review patient-specific context, current labs, and active medication list before final clinical action."
metoprolol,fall risk,interacts_with,medium,Synthetic clinical safety association used to test medication safety retrieval and rule filtering.,"Review patient-specific context, current labs, and active medication list before final clinical action."
propranolol,fall risk,mentioned_with,medium,Synthetic clinical safety association used to test medication safety retrieval and rule filtering.,"Review patient-specific context, current labs, and active medication list before final clinical action."
furosemide,fall risk,causes,high,Synthetic clinical safety association used to test medication safety retrieval and rule filtering.,"Review patient-specific context, current labs, and active medication list before final clinical action."
torsemide,fall risk,interacts_with,low,Synthetic clinical safety association used to test medication safety retrieval and rule filtering.,"Review patient-specific context, current labs, and active medication list before final clinical action."
prednisone,fall risk,mentioned_with,medium,Synthetic clinical safety association used to test medication safety retrieval and rule filtering.,"Review patient-specific context, current labs, and active medication list before final clinical action."
dexamethasone,fall risk,causes,medium,Synthetic clinical safety association used to test medication safety retrieval and rule filtering.,"Review patient-specific context, current labs, and active medication list before final clinical action."
pantoprazole,fall risk,interacts_with,high,Synthetic clinical safety association used to test medication safety retrieval and rule filtering.,"Review patient-specific context, current labs, and active medication list before final clinical action."
omeprazole,fall risk,mentioned_with,low,Synthetic clinical safety association used to test medication safety retrieval and rule filtering.,"Review patient-specific context, current labs, and active medication list before final clinical action."
famotidine,fall risk,causes,medium,Synthetic clinical safety association used to test medication safety retrieval and rule filtering.,"Review patient-specific context, current labs, and active medication list before final clinical action."
metformin,fall risk,interacts_with,medium,Synthetic clinical safety association used to test medication safety retrieval and rule filtering.,"Review patient-specific context, current labs, and active medication list before final clinical action."
glipizide,fall risk,mentioned_with,high,Synthetic clinical safety association used to test medication safety retrieval and rule filtering.,"Review patient-specific context, current labs, and active medication list before final clinical action."
insulin,fall risk,causes,low,Synthetic clinical safety association used to test medication safety retrieval and rule filtering.,"Review patient-specific context, current labs, and active medication list before final clinical action."
levetiracetam,fall risk,interacts_with,medium,Synthetic clinical safety association used to test medication safety retrieval and rule filtering.,"Review patient-specific context, current labs, and active medication list before final clinical action."
phenytoin,fall risk,mentioned_with,medium,Synthetic clinical safety association used to test medication safety retrieval and rule filtering.,"Review patient-specific context, current labs, and active medication list before final clinical action."
carbamazepine,fall risk,causes,high,Synthetic clinical safety association used to test medication safety retrieval and rule filtering.,"Review patient-specific context, current labs, and active medication list before final clinical action."
valproate,fall risk,interacts_with,low,Synthetic clinical safety association used to test medication safety retrieval and rule filtering.,"Review patient-specific context, current labs, and active medication list before final clinical action."
aspirin,fall risk,mentioned_with,medium,Synthetic clinical safety association used to test medication safety retrieval and rule filtering.,"Review patient-specific context, current labs, and active medication list before final clinical action."
clopidogrel,fall risk,causes,medium,Synthetic clinical safety association used to test medication safety retrieval and rule filtering.,"Review patient-specific context, current labs, and active medication list before final clinical action."
apixaban,fall risk,interacts_with,high,Synthetic clinical safety association used to test medication safety retrieval and rule filtering.,"Review patient-specific context, current labs, and active medication list before final clinical action."
lisinopril,fall risk,mentioned_with,low,Synthetic clinical safety association used to test medication safety retrieval and rule filtering.,"Review patient-specific context, current labs, and active medication list before final clinical action."
losartan,fall risk,causes,medium,Synthetic clinical safety association used to test medication safety retrieval and rule filtering.,"Review patient-specific context, current labs, and active medication list before final clinical action."
atorvastatin,fall risk,interacts_with,medium,Synthetic clinical safety association used to test medication safety retrieval and rule filtering.,"Review patient-specific context, current labs, and active medication list before final clinical action."
rosuvastatin,fall risk,mentioned_with,high,Synthetic clinical safety association used to test medication safety retrieval and rule filtering.,"Review patient-specific context, current labs, and active medication list before final clinical action."
ondansetron,fall risk,causes,low,Synthetic clinical safety association used to test medication safety retrieval and rule filtering.,"Review patient-specific context, current labs, and active medication list before final clinical action."
azithromycin,fall risk,interacts_with,medium,Synthetic clinical safety association used to test medication safety retrieval and rule filtering.,"Review patient-specific context, current labs, and active medication list before final clinical action."
ciprofloxacin,fall risk,mentioned_with,medium,Synthetic clinical safety association used to test medication safety retrieval and rule filtering.,"Review patient-specific context, current labs, and active medication list before final clinical action."
amlodipine,renal_labs,causes,high,Synthetic clinical safety association used to test medication safety retrieval and rule filtering.,"Review patient-specific context, current labs, and active medication list before final clinical action."
hydrochlorothiazide,renal_labs,interacts_with,low,Synthetic clinical safety association used to test medication safety retrieval and rule filtering.,"Review patient-specific context, current labs, and active medication list before final clinical action."
chlorthalidone,renal_labs,mentioned_with,medium,Synthetic clinical safety association used to test medication safety retrieval and rule filtering.,"Review patient-specific context, current labs, and active medication list before final clinical action."
carvedilol,renal_labs,causes,medium,Synthetic clinical safety association used to test medication safety retrieval and rule filtering.,"Review patient-specific context, current labs, and active medication list before final clinical action."
metoprolol,renal_labs,interacts_with,high,Synthetic clinical safety association used to test medication safety retrieval and rule filtering.,"Review patient-specific context, current labs, and active medication list before final clinical action."
propranolol,renal_labs,mentioned_with,low,Synthetic clinical safety association used to test medication safety retrieval and rule filtering.,"Review patient-specific context, current labs, and active medication list before final clinical action."
furosemide,renal_labs,causes,medium,Synthetic clinical safety association used to test medication safety retrieval and rule filtering.,"Review patient-specific context, current labs, and active medication list before final clinical action."
torsemide,renal_labs,interacts_with,medium,Synthetic clinical safety association used to test medication safety retrieval and rule filtering.,"Review patient-specific context, current labs, and active medication list before final clinical action."
prednisone,renal_labs,mentioned_with,high,Synthetic clinical safety association used to test medication safety retrieval and rule filtering.,"Review patient-specific context, current labs, and active medication list before final clinical action."
dexamethasone,renal_labs,causes,low,Synthetic clinical safety association used to test medication safety retrieval and rule filtering.,"Review patient-specific context, current labs, and active medication list before final clinical action."
pantoprazole,renal_labs,interacts_with,medium,Synthetic clinical safety association used to test medication safety retrieval and rule filtering.,"Review patient-specific context, current labs, and active medication list before final clinical action."
omeprazole,renal_labs,mentioned_with,medium,Synthetic clinical safety association used to test medication safety retrieval and rule filtering.,"Review patient-specific context, current labs, and active medication list before final clinical action."
famotidine,renal_labs,causes,high,Synthetic clinical safety association used to test medication safety retrieval and rule filtering.,"Review patient-specific context, current labs, and active medication list before final clinical action."
metformin,renal_labs,interacts_with,low,Synthetic clinical safety association used to test medication safety retrieval and rule filtering.,"Review patient-specific context, current labs, and active medication list before final clinical action."
glipizide,renal_labs,mentioned_with,medium,Synthetic clinical safety association used to test medication safety retrieval and rule filtering.,"Review patient-specific context, current labs, and active medication list before final clinical action."
insulin,renal_labs,causes,medium,Synthetic clinical safety association used to test medication safety retrieval and rule filtering.,"Review patient-specific context, current labs, and active medication list before final clinical action."
levetiracetam,renal_labs,interacts_with,high,Synthetic clinical safety association used to test medication safety retrieval and rule filtering.,"Review patient-specific context, current labs, and active medication list before final clinical action."
phenytoin,renal_labs,mentioned_with,low,Synthetic clinical safety association used to test medication safety retrieval and rule filtering.,"Review patient-specific context, current labs, and active medication list before final clinical action."
carbamazepine,renal_labs,causes,medium,Synthetic clinical safety association used to test medication safety retrieval and rule filtering.,"Review patient-specific context, current labs, and active medication list before final clinical action."
valproate,renal_labs,interacts_with,medium,Synthetic clinical safety association used to test medication safety retrieval and rule filtering.,"Review patient-specific context, current labs, and active medication list before final clinical action."
aspirin,renal_labs,mentioned_with,high,Synthetic clinical safety association used to test medication safety retrieval and rule filtering.,"Review patient-specific context, current labs, and active medication list before final clinical action."
clopidogrel,renal_labs,causes,low,Synthetic clinical safety association used to test medication safety retrieval and rule filtering.,"Review patient-specific context, current labs, and active medication list before final clinical action."
apixaban,renal_labs,interacts_with,medium,Synthetic clinical safety association used to test medication safety retrieval and rule filtering.,"Review patient-specific context, current labs, and active medication list before final clinical action."
lisinopril,renal_labs,mentioned_with,medium,Synthetic clinical safety association used to test medication safety retrieval and rule filtering.,"Review patient-specific context, current labs, and active medication list before final clinical action."
losartan,renal_labs,causes,high,Synthetic clinical safety association used to test medication safety retrieval and rule filtering.,"Review patient-specific context, current labs, and active medication list before final clinical action."
atorvastatin,renal_labs,interacts_with,low,Synthetic clinical safety association used to test medication safety retrieval and rule filtering.,"Review patient-specific context, current labs, and active medication list before final clinical action."
rosuvastatin,renal_labs,mentioned_with,medium,Synthetic clinical safety association used to test medication safety retrieval and rule filtering.,"Review patient-specific context, current labs, and active medication list before final clinical action."
ondansetron,renal_labs,causes,medium,Synthetic clinical safety association used to test medication safety retrieval and rule filtering.,"Review patient-specific context, current labs, and active medication list before final clinical action."
azithromycin,renal_labs,interacts_with,high,Synthetic clinical safety association used to test medication safety retrieval and rule filtering.,"Review patient-specific context, current labs, and active medication list before final clinical action."
ciprofloxacin,renal_labs,mentioned_with,low,Synthetic clinical safety association used to test medication safety retrieval and rule filtering.,"Review patient-specific context, current labs, and active medication list before final clinical action."
amlodipine,hepatic_labs,causes,medium,Synthetic clinical safety association used to test medication safety retrieval and rule filtering.,"Review patient-specific context, current labs, and active medication list before final clinical action."
hydrochlorothiazide,hepatic_labs,interacts_with,medium,Synthetic clinical safety association used to test medication safety retrieval and rule filtering.,"Review patient-specific context, current labs, and active medication list before final clinical action."
chlorthalidone,hepatic_labs,mentioned_with,high,Synthetic clinical safety association used to test medication safety retrieval and rule filtering.,"Review patient-specific context, current labs, and active medication list before final clinical action."
carvedilol,hepatic_labs,causes,low,Synthetic clinical safety association used to test medication safety retrieval and rule filtering.,"Review patient-specific context, current labs, and active medication list before final clinical action."
metoprolol,hepatic_labs,interacts_with,medium,Synthetic clinical safety association used to test medication safety retrieval and rule filtering.,"Review patient-specific context, current labs, and active medication list before final clinical action."
propranolol,hepatic_labs,mentioned_with,medium,Synthetic clinical safety association used to test medication safety retrieval and rule filtering.,"Review patient-specific context, current labs, and active medication list before final clinical action."
furosemide,hepatic_labs,causes,high,Synthetic clinical safety association used to test medication safety retrieval and rule filtering.,"Review patient-specific context, current labs, and active medication list before final clinical action."
torsemide,hepatic_labs,interacts_with,low,Synthetic clinical safety association used to test medication safety retrieval and rule filtering.,"Review patient-specific context, current labs, and active medication list before final clinical action."
prednisone,hepatic_labs,mentioned_with,medium,Synthetic clinical safety association used to test medication safety retrieval and rule filtering.,"Review patient-specific context, current labs, and active medication list before final clinical action."
dexamethasone,hepatic_labs,causes,medium,Synthetic clinical safety association used to test medication safety retrieval and rule filtering.,"Review patient-specific context, current labs, and active medication list before final clinical action."
pantoprazole,hepatic_labs,interacts_with,high,Synthetic clinical safety association used to test medication safety retrieval and rule filtering.,"Review patient-specific context, current labs, and active medication list before final clinical action."
omeprazole,hepatic_labs,mentioned_with,low,Synthetic clinical safety association used to test medication safety retrieval and rule filtering.,"Review patient-specific context, current labs, and active medication list before final clinical action."
famotidine,hepatic_labs,causes,medium,Synthetic clinical safety association used to test medication safety retrieval and rule filtering.,"Review patient-specific context, current labs, and active medication list before final clinical action."
metformin,hepatic_labs,interacts_with,medium,Synthetic clinical safety association used to test medication safety retrieval and rule filtering.,"Review patient-specific context, current labs, and active medication list before final clinical action."
glipizide,hepatic_labs,mentioned_with,high,Synthetic clinical safety association used to test medication safety retrieval and rule filtering.,"Review patient-specific context, current labs, and active medication list before final clinical action."
insulin,hepatic_labs,causes,low,Synthetic clinical safety association used to test medication safety retrieval and rule filtering.,"Review patient-specific context, current labs, and active medication list before final clinical action."
levetiracetam,hepatic_labs,interacts_with,medium,Synthetic clinical safety association used to test medication safety retrieval and rule filtering.,"Review patient-specific context, current labs, and active medication list before final clinical action."
phenytoin,hepatic_labs,mentioned_with,medium,Synthetic clinical safety association used to test medication safety retrieval and rule filtering.,"Review patient-specific context, current labs, and active medication list before final clinical action."
carbamazepine,hepatic_labs,causes,high,Synthetic clinical safety association used to test medication safety retrieval and rule filtering.,"Review patient-specific context, current labs, and active medication list before final clinical action."
valproate,hepatic_labs,interacts_with,low,Synthetic clinical safety association used to test medication safety retrieval and rule filtering.,"Review patient-specific context, current labs, and active medication list before final clinical action."
aspirin,hepatic_labs,mentioned_with,medium,Synthetic clinical safety association used to test medication safety retrieval and rule filtering.,"Review patient-specific context, current labs, and active medication list before final clinical action."
clopidogrel,hepatic_labs,causes,medium,Synthetic clinical safety association used to test medication safety retrieval and rule filtering.,"Review patient-specific context, current labs, and active medication list before final clinical action."
apixaban,hepatic_labs,interacts_with,high,Synthetic clinical safety association used to test medication safety retrieval and rule filtering.,"Review patient-specific context, current labs, and active medication list before final clinical action."
lisinopril,hepatic_labs,mentioned_with,low,Synthetic clinical safety association used to test medication safety retrieval and rule filtering.,"Review patient-specific context, current labs, and active medication list before final clinical action."
losartan,hepatic_labs,causes,medium,Synthetic clinical safety association used to test medication safety retrieval and rule filtering.,"Review patient-specific context, current labs, and active medication list before final clinical action."
atorvastatin,hepatic_labs,interacts_with,medium,Synthetic clinical safety association used to test medication safety retrieval and rule filtering.,"Review patient-specific context, current labs, and active medication list before final clinical action."
rosuvastatin,hepatic_labs,mentioned_with,high,Synthetic clinical safety association used to test medication safety retrieval and rule filtering.,"Review patient-specific context, current labs, and active medication list before final clinical action."
ondansetron,hepatic_labs,causes,low,Synthetic clinical safety association used to test medication safety retrieval and rule filtering.,"Review patient-specific context, current labs, and active medication list before final clinical action."
azithromycin,hepatic_labs,interacts_with,medium,Synthetic clinical safety association used to test medication safety retrieval and rule filtering.,"Review patient-specific context, current labs, and active medication list before final clinical action."
ciprofloxacin,hepatic_labs,mentioned_with,medium,Synthetic clinical safety association used to test medication safety retrieval and rule filtering.,"Review patient-specific context, current labs, and active medication list before final clinical action."
amlodipine,hypoglycemia risk,causes,high,Synthetic clinical safety association used to test medication safety retrieval and rule filtering.,"Review patient-specific context, current labs, and active medication list before final clinical action."
hydrochlorothiazide,hypoglycemia risk,interacts_with,low,Synthetic clinical safety association used to test medication safety retrieval and rule filtering.,"Review patient-specific context, current labs, and active medication list before final clinical action."
chlorthalidone,hypoglycemia risk,mentioned_with,medium,Synthetic clinical safety association used to test medication safety retrieval and rule filtering.,"Review patient-specific context, current labs, and active medication list before final clinical action."
carvedilol,hypoglycemia risk,causes,medium,Synthetic clinical safety association used to test medication safety retrieval and rule filtering.,"Review patient-specific context, current labs, and active medication list before final clinical action."
metoprolol,hypoglycemia risk,interacts_with,high,Synthetic clinical safety association used to test medication safety retrieval and rule filtering.,"Review patient-specific context, current labs, and active medication list before final clinical action."
propranolol,hypoglycemia risk,mentioned_with,low,Synthetic clinical safety association used to test medication safety retrieval and rule filtering.,"Review patient-specific context, current labs, and active medication list before final clinical action."
furosemide,hypoglycemia risk,causes,medium,Synthetic clinical safety association used to test medication safety retrieval and rule filtering.,"Review patient-specific context, current labs, and active medication list before final clinical action."
torsemide,hypoglycemia risk,interacts_with,medium,Synthetic clinical safety association used to test medication safety retrieval and rule filtering.,"Review patient-specific context, current labs, and active medication list before final clinical action."
prednisone,hypoglycemia risk,mentioned_with,high,Synthetic clinical safety association used to test medication safety retrieval and rule filtering.,"Review patient-specific context, current labs, and active medication list before final clinical action."
dexamethasone,hypoglycemia risk,causes,low,Synthetic clinical safety association used to test medication safety retrieval and rule filtering.,"Review patient-specific context, current labs, and active medication list before final clinical action."
pantoprazole,hypoglycemia risk,interacts_with,medium,Synthetic clinical safety association used to test medication safety retrieval and rule filtering.,"Review patient-specific context, current labs, and active medication list before final clinical action."
omeprazole,hypoglycemia risk,mentioned_with,medium,Synthetic clinical safety association used to test medication safety retrieval and rule filtering.,"Review patient-specific context, current labs, and active medication list before final clinical action."
famotidine,hypoglycemia risk,causes,high,Synthetic clinical safety association used to test medication safety retrieval and rule filtering.,"Review patient-specific context, current labs, and active medication list before final clinical action."
metformin,hypoglycemia risk,interacts_with,low,Synthetic clinical safety association used to test medication safety retrieval and rule filtering.,"Review patient-specific context, current labs, and active medication list before final clinical action."
glipizide,hypoglycemia risk,mentioned_with,medium,Synthetic clinical safety association used to test medication safety retrieval and rule filtering.,"Review patient-specific context, current labs, and active medication list before final clinical action."
insulin,hypoglycemia risk,causes,medium,Synthetic clinical safety association used to test medication safety retrieval and rule filtering.,"Review patient-specific context, current labs, and active medication list before final clinical action."
levetiracetam,hypoglycemia risk,interacts_with,high,Synthetic clinical safety association used to test medication safety retrieval and rule filtering.,"Review patient-specific context, current labs, and active medication list before final clinical action."
phenytoin,hypoglycemia risk,mentioned_with,low,Synthetic clinical safety association used to test medication safety retrieval and rule filtering.,"Review patient-specific context, current labs, and active medication list before final clinical action."
carbamazepine,hypoglycemia risk,causes,medium,Synthetic clinical safety association used to test medication safety retrieval and rule filtering.,"Review patient-specific context, current labs, and active medication list before final clinical action."
valproate,hypoglycemia risk,interacts_with,medium,Synthetic clinical safety association used to test medication safety retrieval and rule filtering.,"Review patient-specific context, current labs, and active medication list before final clinical action."
aspirin,hypoglycemia risk,mentioned_with,high,Synthetic clinical safety association used to test medication safety retrieval and rule filtering.,"Review patient-specific context, current labs, and active medication list before final clinical action."
clopidogrel,hypoglycemia risk,causes,low,Synthetic clinical safety association used to test medication safety retrieval and rule filtering.,"Review patient-specific context, current labs, and active medication list before final clinical action."
apixaban,hypoglycemia risk,interacts_with,medium,Synthetic clinical safety association used to test medication safety retrieval and rule filtering.,"Review patient-specific context, current labs, and active medication list before final clinical action."
lisinopril,hypoglycemia risk,mentioned_with,medium,Synthetic clinical safety association used to test medication safety retrieval and rule filtering.,"Review patient-specific context, current labs, and active medication list before final clinical action."
losartan,hypoglycemia risk,causes,high,Synthetic clinical safety association used to test medication safety retrieval and rule filtering.,"Review patient-specific context, current labs, and active medication list before final clinical action."
atorvastatin,hypoglycemia risk,interacts_with,low,Synthetic clinical safety association used to test medication safety retrieval and rule filtering.,"Review patient-specific context, current labs, and active medication list before final clinical action."
rosuvastatin,hypoglycemia risk,mentioned_with,medium,Synthetic clinical safety association used to test medication safety retrieval and rule filtering.,"Review patient-specific context, current labs, and active medication list before final clinical action."
ondansetron,hypoglycemia risk,causes,medium,Synthetic clinical safety association used to test medication safety retrieval and rule filtering.,"Review patient-specific context, current labs, and active medication list before final clinical action."
azithromycin,hypoglycemia risk,interacts_with,high,Synthetic clinical safety association used to test medication safety retrieval and rule filtering.,"Review patient-specific context, current labs, and active medication list before final clinical action."
ciprofloxacin,hypoglycemia risk,mentioned_with,low,Synthetic clinical safety association used to test medication safety retrieval and rule filtering.,"Review patient-specific context, current labs, and active medication list before final clinical action."
amlodipine,bradycardia risk,causes,medium,Synthetic clinical safety association used to test medication safety retrieval and rule filtering.,"Review patient-specific context, current labs, and active medication list before final clinical action."
hydrochlorothiazide,bradycardia risk,interacts_with,medium,Synthetic clinical safety association used to test medication safety retrieval and rule filtering.,"Review patient-specific context, current labs, and active medication list before final clinical action."
chlorthalidone,bradycardia risk,mentioned_with,high,Synthetic clinical safety association used to test medication safety retrieval and rule filtering.,"Review patient-specific context, current labs, and active medication list before final clinical action."
carvedilol,bradycardia risk,causes,low,Synthetic clinical safety association used to test medication safety retrieval and rule filtering.,"Review patient-specific context, current labs, and active medication list before final clinical action."
metoprolol,bradycardia risk,interacts_with,medium,Synthetic clinical safety association used to test medication safety retrieval and rule filtering.,"Review patient-specific context, current labs, and active medication list before final clinical action."
propranolol,bradycardia risk,mentioned_with,medium,Synthetic clinical safety association used to test medication safety retrieval and rule filtering.,"Review patient-specific context, current labs, and active medication list before final clinical action."
furosemide,bradycardia risk,causes,high,Synthetic clinical safety association used to test medication safety retrieval and rule filtering.,"Review patient-specific context, current labs, and active medication list before final clinical action."
torsemide,bradycardia risk,interacts_with,low,Synthetic clinical safety association used to test medication safety retrieval and rule filtering.,"Review patient-specific context, current labs, and active medication list before final clinical action."
prednisone,bradycardia risk,mentioned_with,medium,Synthetic clinical safety association used to test medication safety retrieval and rule filtering.,"Review patient-specific context, current labs, and active medication list before final clinical action."
dexamethasone,bradycardia risk,causes,medium,Synthetic clinical safety association used to test medication safety retrieval and rule filtering.,"Review patient-specific context, current labs, and active medication list before final clinical action."
pantoprazole,bradycardia risk,interacts_with,high,Synthetic clinical safety association used to test medication safety retrieval and rule filtering.,"Review patient-specific context, current labs, and active medication list before final clinical action."
omeprazole,bradycardia risk,mentioned_with,low,Synthetic clinical safety association used to test medication safety retrieval and rule filtering.,"Review patient-specific context, current labs, and active medication list before final clinical action."
famotidine,bradycardia risk,causes,medium,Synthetic clinical safety association used to test medication safety retrieval and rule filtering.,"Review patient-specific context, current labs, and active medication list before final clinical action."
metformin,bradycardia risk,interacts_with,medium,Synthetic clinical safety association used to test medication safety retrieval and rule filtering.,"Review patient-specific context, current labs, and active medication list before final clinical action."
glipizide,bradycardia risk,mentioned_with,high,Synthetic clinical safety association used to test medication safety retrieval and rule filtering.,"Review patient-specific context, current labs, and active medication list before final clinical action."
insulin,bradycardia risk,causes,low,Synthetic clinical safety association used to test medication safety retrieval and rule filtering.,"Review patient-specific context, current labs, and active medication list before final clinical action."
levetiracetam,bradycardia risk,interacts_with,medium,Synthetic clinical safety association used to test medication safety retrieval and rule filtering.,"Review patient-specific context, current labs, and active medication list before final clinical action."
phenytoin,bradycardia risk,mentioned_with,medium,Synthetic clinical safety association used to test medication safety retrieval and rule filtering.,"Review patient-specific context, current labs, and active medication list before final clinical action."
carbamazepine,bradycardia risk,causes,high,Synthetic clinical safety association used to test medication safety retrieval and rule filtering.,"Review patient-specific context, current labs, and active medication list before final clinical action."
valproate,bradycardia risk,interacts_with,low,Synthetic clinical safety association used to test medication safety retrieval and rule filtering.,"Review patient-specific context, current labs, and active medication list before final clinical action."
aspirin,bradycardia risk,mentioned_with,medium,Synthetic clinical safety association used to test medication safety retrieval and rule filtering.,"Review patient-specific context, current labs, and active medication list before final clinical action."
clopidogrel,bradycardia risk,causes,medium,Synthetic clinical safety association used to test medication safety retrieval and rule filtering.,"Review patient-specific context, current labs, and active medication list before final clinical action."
apixaban,bradycardia risk,interacts_with,high,Synthetic clinical safety association used to test medication safety retrieval and rule filtering.,"Review patient-specific context, current labs, and active medication list before final clinical action."
lisinopril,bradycardia risk,mentioned_with,low,Synthetic clinical safety association used to test medication safety retrieval and rule filtering.,"Review patient-specific context, current labs, and active medication list before final clinical action."
losartan,bradycardia risk,causes,medium,Synthetic clinical safety association used to test medication safety retrieval and rule filtering.,"Review patient-specific context, current labs, and active medication list before final clinical action."
atorvastatin,bradycardia risk,interacts_with,medium,Synthetic clinical safety association used to test medication safety retrieval and rule filtering.,"Review patient-specific context, current labs, and active medication list before final clinical action."
rosuvastatin,bradycardia risk,mentioned_with,high,Synthetic clinical safety association used to test medication safety retrieval and rule filtering.,"Review patient-specific context, current labs, and active medication list before final clinical action."
ondansetron,bradycardia risk,causes,low,Synthetic clinical safety association used to test medication safety retrieval and rule filtering.,"Review patient-specific context, current labs, and active medication list before final clinical action."
azithromycin,bradycardia risk,interacts_with,medium,Synthetic clinical safety association used to test medication safety retrieval and rule filtering.,"Review patient-specific context, current labs, and active medication list before final clinical action."
ciprofloxacin,bradycardia risk,mentioned_with,medium,Synthetic clinical safety association used to test medication safety retrieval and rule filtering.,"Review patient-specific context, current labs, and active medication list before final clinical action."
amlodipine,bleeding risk,causes,high,Synthetic clinical safety association used to test medication safety retrieval and rule filtering.,"Review patient-specific context, current labs, and active medication list before final clinical action."
hydrochlorothiazide,bleeding risk,interacts_with,low,Synthetic clinical safety association used to test medication safety retrieval and rule filtering.,"Review patient-specific context, current labs, and active medication list before final clinical action."
chlorthalidone,bleeding risk,mentioned_with,medium,Synthetic clinical safety association used to test medication safety retrieval and rule filtering.,"Review patient-specific context, current labs, and active medication list before final clinical action."
carvedilol,bleeding risk,causes,medium,Synthetic clinical safety association used to test medication safety retrieval and rule filtering.,"Review patient-specific context, current labs, and active medication list before final clinical action."
metoprolol,bleeding risk,interacts_with,high,Synthetic clinical safety association used to test medication safety retrieval and rule filtering.,"Review patient-specific context, current labs, and active medication list before final clinical action."
propranolol,bleeding risk,mentioned_with,low,Synthetic clinical safety association used to test medication safety retrieval and rule filtering.,"Review patient-specific context, current labs, and active medication list before final clinical action."
furosemide,bleeding risk,causes,medium,Synthetic clinical safety association used to test medication safety retrieval and rule filtering.,"Review patient-specific context, current labs, and active medication list before final clinical action."
torsemide,bleeding risk,interacts_with,medium,Synthetic clinical safety association used to test medication safety retrieval and rule filtering.,"Review patient-specific context, current labs, and active medication list before final clinical action."
prednisone,bleeding risk,mentioned_with,high,Synthetic clinical safety association used to test medication safety retrieval and rule filtering.,"Review patient-specific context, current labs, and active medication list before final clinical action."
dexamethasone,bleeding risk,causes,low,Synthetic clinical safety association used to test medication safety retrieval and rule filtering.,"Review patient-specific context, current labs, and active medication list before final clinical action."
pantoprazole,bleeding risk,interacts_with,medium,Synthetic clinical safety association used to test medication safety retrieval and rule filtering.,"Review patient-specific context, current labs, and active medication list before final clinical action."
omeprazole,bleeding risk,mentioned_with,medium,Synthetic clinical safety association used to test medication safety retrieval and rule filtering.,"Review patient-specific context, current labs, and active medication list before final clinical action."
famotidine,bleeding risk,causes,high,Synthetic clinical safety association used to test medication safety retrieval and rule filtering.,"Review patient-specific context, current labs, and active medication list before final clinical action."
metformin,bleeding risk,interacts_with,low,Synthetic clinical safety association used to test medication safety retrieval and rule filtering.,"Review patient-specific context, current labs, and active medication list before final clinical action."
glipizide,bleeding risk,mentioned_with,medium,Synthetic clinical safety association used to test medication safety retrieval and rule filtering.,"Review patient-specific context, current labs, and active medication list before final clinical action."
insulin,bleeding risk,causes,medium,Synthetic clinical safety association used to test medication safety retrieval and rule filtering.,"Review patient-specific context, current labs, and active medication list before final clinical action."
levetiracetam,bleeding risk,interacts_with,high,Synthetic clinical safety association used to test medication safety retrieval and rule filtering.,"Review patient-specific context, current labs, and active medication list before final clinical action."
phenytoin,bleeding risk,mentioned_with,low,Synthetic clinical safety association used to test medication safety retrieval and rule filtering.,"Review patient-specific context, current labs, and active medication list before final clinical action."
carbamazepine,bleeding risk,causes,medium,Synthetic clinical safety association used to test medication safety retrieval and rule filtering.,"Review patient-specific context, current labs, and active medication list before final clinical action."
valproate,bleeding risk,interacts_with,medium,Synthetic clinical safety association used to test medication safety retrieval and rule filtering.,"Review patient-specific context, current labs, and active medication list before final clinical action."
aspirin,bleeding risk,mentioned_with,high,Synthetic clinical safety association used to test medication safety retrieval and rule filtering.,"Review patient-specific context, current labs, and active medication list before final clinical action."
clopidogrel,bleeding risk,causes,low,Synthetic clinical safety association used to test medication safety retrieval and rule filtering.,"Review patient-specific context, current labs, and active medication list before final clinical action."
apixaban,bleeding risk,interacts_with,medium,Synthetic clinical safety association used to test medication safety retrieval and rule filtering.,"Review patient-specific context, current labs, and active medication list before final clinical action."
lisinopril,bleeding risk,mentioned_with,medium,Synthetic clinical safety association used to test medication safety retrieval and rule filtering.,"Review patient-specific context, current labs, and active medication list before final clinical action."
losartan,bleeding risk,causes,high,Synthetic clinical safety association used to test medication safety retrieval and rule filtering.,"Review patient-specific context, current labs, and active medication list before final clinical action."
atorvastatin,bleeding risk,interacts_with,low,Synthetic clinical safety association used to test medication safety retrieval and rule filtering.,"Review patient-specific context, current labs, and active medication list before final clinical action."
rosuvastatin,bleeding risk,mentioned_with,medium,Synthetic clinical safety association used to test medication safety retrieval and rule filtering.,"Review patient-specific context, current labs, and active medication list before final clinical action."
ondansetron,bleeding risk,causes,medium,Synthetic clinical safety association used to test medication safety retrieval and rule filtering.,"Review patient-specific context, current labs, and active medication list before final clinical action."
azithromycin,bleeding risk,interacts_with,high,Synthetic clinical safety association used to test medication safety retrieval and rule filtering.,"Review patient-specific context, current labs, and active medication list before final clinical action."
ciprofloxacin,bleeding risk,mentioned_with,low,Synthetic clinical safety association used to test medication safety retrieval and rule filtering.,"Review patient-specific context, current labs, and active medication list before final clinical action."
amlodipine,electrolyte monitoring,causes,medium,Synthetic clinical safety association used to test medication safety retrieval and rule filtering.,"Review patient-specific context, current labs, and active medication list before final clinical action."
hydrochlorothiazide,electrolyte monitoring,interacts_with,medium,Synthetic clinical safety association used to test medication safety retrieval and rule filtering.,"Review patient-specific context, current labs, and active medication list before final clinical action."
chlorthalidone,electrolyte monitoring,mentioned_with,high,Synthetic clinical safety association used to test medication safety retrieval and rule filtering.,"Review patient-specific context, current labs, and active medication list before final clinical action."
carvedilol,electrolyte monitoring,causes,low,Synthetic clinical safety association used to test medication safety retrieval and rule filtering.,"Review patient-specific context, current labs, and active medication list before final clinical action."
metoprolol,electrolyte monitoring,interacts_with,medium,Synthetic clinical safety association used to test medication safety retrieval and rule filtering.,"Review patient-specific context, current labs, and active medication list before final clinical action."
propranolol,electrolyte monitoring,mentioned_with,medium,Synthetic clinical safety association used to test medication safety retrieval and rule filtering.,"Review patient-specific context, current labs, and active medication list before final clinical action."
furosemide,electrolyte monitoring,causes,high,Synthetic clinical safety association used to test medication safety retrieval and rule filtering.,"Review patient-specific context, current labs, and active medication list before final clinical action."
torsemide,electrolyte monitoring,interacts_with,low,Synthetic clinical safety association used to test medication safety retrieval and rule filtering.,"Review patient-specific context, current labs, and active medication list before final clinical action."
prednisone,electrolyte monitoring,mentioned_with,medium,Synthetic clinical safety association used to test medication safety retrieval and rule filtering.,"Review patient-specific context, current labs, and active medication list before final clinical action."
dexamethasone,electrolyte monitoring,causes,medium,Synthetic clinical safety association used to test medication safety retrieval and rule filtering.,"Review patient-specific context, current labs, and active medication list before final clinical action."
pantoprazole,electrolyte monitoring,interacts_with,high,Synthetic clinical safety association used to test medication safety retrieval and rule filtering.,"Review patient-specific context, current labs, and active medication list before final clinical action."
omeprazole,electrolyte monitoring,mentioned_with,low,Synthetic clinical safety association used to test medication safety retrieval and rule filtering.,"Review patient-specific context, current labs, and active medication list before final clinical action."
famotidine,electrolyte monitoring,causes,medium,Synthetic clinical safety association used to test medication safety retrieval and rule filtering.,"Review patient-specific context, current labs, and active medication list before final clinical action."
metformin,electrolyte monitoring,interacts_with,medium,Synthetic clinical safety association used to test medication safety retrieval and rule filtering.,"Review patient-specific context, current labs, and active medication list before final clinical action."
glipizide,electrolyte monitoring,mentioned_with,high,Synthetic clinical safety association used to test medication safety retrieval and rule filtering.,"Review patient-specific context, current labs, and active medication list before final clinical action."
insulin,electrolyte monitoring,causes,low,Synthetic clinical safety association used to test medication safety retrieval and rule filtering.,"Review patient-specific context, current labs, and active medication list before final clinical action."
levetiracetam,electrolyte monitoring,interacts_with,medium,Synthetic clinical safety association used to test medication safety retrieval and rule filtering.,"Review patient-specific context, current labs, and active medication list before final clinical action."
phenytoin,electrolyte monitoring,mentioned_with,medium,Synthetic clinical safety association used to test medication safety retrieval and rule filtering.,"Review patient-specific context, current labs, and active medication list before final clinical action."
carbamazepine,electrolyte monitoring,causes,high,Synthetic clinical safety association used to test medication safety retrieval and rule filtering.,"Review patient-specific context, current labs, and active medication list before final clinical action."
valproate,electrolyte monitoring,interacts_with,low,Synthetic clinical safety association used to test medication safety retrieval and rule filtering.,"Review patient-specific context, current labs, and active medication list before final clinical action."
aspirin,electrolyte monitoring,mentioned_with,medium,Synthetic clinical safety association used to test medication safety retrieval and rule filtering.,"Review patient-specific context, current labs, and active medication list before final clinical action."
clopidogrel,electrolyte monitoring,causes,medium,Synthetic clinical safety association used to test medication safety retrieval and rule filtering.,"Review patient-specific context, current labs, and active medication list before final clinical action."
apixaban,electrolyte monitoring,interacts_with,high,Synthetic clinical safety association used to test medication safety retrieval and rule filtering.,"Review patient-specific context, current labs, and active medication list before final clinical action."
lisinopril,electrolyte monitoring,mentioned_with,low,Synthetic clinical safety association used to test medication safety retrieval and rule filtering.,"Review patient-specific context, current labs, and active medication list before final clinical action."
losartan,electrolyte monitoring,causes,medium,Synthetic clinical safety association used to test medication safety retrieval and rule filtering.,"Review patient-specific context, current labs, and active medication list before final clinical action."
atorvastatin,electrolyte monitoring,interacts_with,medium,Synthetic clinical safety association used to test medication safety retrieval and rule filtering.,"Review patient-specific context, current labs, and active medication list before final clinical action."
rosuvastatin,electrolyte monitoring,mentioned_with,high,Synthetic clinical safety association used to test medication safety retrieval and rule filtering.,"Review patient-specific context, current labs, and active medication list before final clinical action."
ondansetron,electrolyte monitoring,causes,low,Synthetic clinical safety association used to test medication safety retrieval and rule filtering.,"Review patient-specific context, current labs, and active medication list before final clinical action."
azithromycin,electrolyte monitoring,interacts_with,medium,Synthetic clinical safety association used to test medication safety retrieval and rule filtering.,"Review patient-specific context, current labs, and active medication list before final clinical action."
ciprofloxacin,electrolyte monitoring,mentioned_with,medium,Synthetic clinical safety association used to test medication safety retrieval and rule filtering.,"Review patient-specific context, current labs, and active medication list before final clinical action."
amlodipine,sedation risk,causes,high,Synthetic clinical safety association used to test medication safety retrieval and rule filtering.,"Review patient-specific context, current labs, and active medication list before final clinical action."
hydrochlorothiazide,sedation risk,interacts_with,low,Synthetic clinical safety association used to test medication safety retrieval and rule filtering.,"Review patient-specific context, current labs, and active medication list before final clinical action."
chlorthalidone,sedation risk,mentioned_with,medium,Synthetic clinical safety association used to test medication safety retrieval and rule filtering.,"Review patient-specific context, current labs, and active medication list before final clinical action."
carvedilol,sedation risk,causes,medium,Synthetic clinical safety association used to test medication safety retrieval and rule filtering.,"Review patient-specific context, current labs, and active medication list before final clinical action."
metoprolol,sedation risk,interacts_with,high,Synthetic clinical safety association used to test medication safety retrieval and rule filtering.,"Review patient-specific context, current labs, and active medication list before final clinical action."
propranolol,sedation risk,mentioned_with,low,Synthetic clinical safety association used to test medication safety retrieval and rule filtering.,"Review patient-specific context, current labs, and active medication list before final clinical action."
furosemide,sedation risk,causes,medium,Synthetic clinical safety association used to test medication safety retrieval and rule filtering.,"Review patient-specific context, current labs, and active medication list before final clinical action."
torsemide,sedation risk,interacts_with,medium,Synthetic clinical safety association used to test medication safety retrieval and rule filtering.,"Review patient-specific context, current labs, and active medication list before final clinical action."
prednisone,sedation risk,mentioned_with,high,Synthetic clinical safety association used to test medication safety retrieval and rule filtering.,"Review patient-specific context, current labs, and active medication list before final clinical action."
dexamethasone,sedation risk,causes,low,Synthetic clinical safety association used to test medication safety retrieval and rule filtering.,"Review patient-specific context, current labs, and active medication list before final clinical action."
pantoprazole,sedation risk,interacts_with,medium,Synthetic clinical safety association used to test medication safety retrieval and rule filtering.,"Review patient-specific context, current labs, and active medication list before final clinical action."
omeprazole,sedation risk,mentioned_with,medium,Synthetic clinical safety association used to test medication safety retrieval and rule filtering.,"Review patient-specific context, current labs, and active medication list before final clinical action."
famotidine,sedation risk,causes,high,Synthetic clinical safety association used to test medication safety retrieval and rule filtering.,"Review patient-specific context, current labs, and active medication list before final clinical action."
metformin,sedation risk,interacts_with,low,Synthetic clinical safety association used to test medication safety retrieval and rule filtering.,"Review patient-specific context, current labs, and active medication list before final clinical action."
glipizide,sedation risk,mentioned_with,medium,Synthetic clinical safety association used to test medication safety retrieval and rule filtering.,"Review patient-specific context, current labs, and active medication list before final clinical action."
insulin,sedation risk,causes,medium,Synthetic clinical safety association used to test medication safety retrieval and rule filtering.,"Review patient-specific context, current labs, and active medication list before final clinical action."
levetiracetam,sedation risk,interacts_with,high,Synthetic clinical safety association used to test medication safety retrieval and rule filtering.,"Review patient-specific context, current labs, and active medication list before final clinical action."
phenytoin,sedation risk,mentioned_with,low,Synthetic clinical safety association used to test medication safety retrieval and rule filtering.,"Review patient-specific context, current labs, and active medication list before final clinical action."
carbamazepine,sedation risk,causes,medium,Synthetic clinical safety association used to test medication safety retrieval and rule filtering.,"Review patient-specific context, current labs, and active medication list before final clinical action."
valproate,sedation risk,interacts_with,medium,Synthetic clinical safety association used to test medication safety retrieval and rule filtering.,"Review patient-specific context, current labs, and active medication list before final clinical action."
aspirin,sedation risk,mentioned_with,high,Synthetic clinical safety association used to test medication safety retrieval and rule filtering.,"Review patient-specific context, current labs, and active medication list before final clinical action."
clopidogrel,sedation risk,causes,low,Synthetic clinical safety association used to test medication safety retrieval and rule filtering.,"Review patient-specific context, current labs, and active medication list before final clinical action."
apixaban,sedation risk,interacts_with,medium,Synthetic clinical safety association used to test medication safety retrieval and rule filtering.,"Review patient-specific context, current labs, and active medication list before final clinical action."
lisinopril,sedation risk,mentioned_with,medium,Synthetic clinical safety association used to test medication safety retrieval and rule filtering.,"Review patient-specific context, current labs, and active medication list before final clinical action."
losartan,sedation risk,causes,high,Synthetic clinical safety association used to test medication safety retrieval and rule filtering.,"Review patient-specific context, current labs, and active medication list before final clinical action."
atorvastatin,sedation risk,interacts_with,low,Synthetic clinical safety association used to test medication safety retrieval and rule filtering.,"Review patient-specific context, current labs, and active medication list before final clinical action."
rosuvastatin,sedation risk,mentioned_with,medium,Synthetic clinical safety association used to test medication safety retrieval and rule filtering.,"Review patient-specific context, current labs, and active medication list before final clinical action."
ondansetron,sedation risk,causes,medium,Synthetic clinical safety association used to test medication safety retrieval and rule filtering.,"Review patient-specific context, current labs, and active medication list before final clinical action."
azithromycin,sedation risk,interacts_with,high,Synthetic clinical safety association used to test medication safety retrieval and rule filtering.,"Review patient-specific context, current labs, and active medication list before final clinical action."
ciprofloxacin,sedation risk,mentioned_with,low,Synthetic clinical safety association used to test medication safety retrieval and rule filtering.,"Review patient-specific context, current labs, and active medication list before final clinical action."
amlodipine,blood pressure monitoring,causes,medium,Synthetic clinical safety association used to test medication safety retrieval and rule filtering.,"Review patient-specific context, current labs, and active medication list before final clinical action."
hydrochlorothiazide,blood pressure monitoring,interacts_with,medium,Synthetic clinical safety association used to test medication safety retrieval and rule filtering.,"Review patient-specific context, current labs, and active medication list before final clinical action."
chlorthalidone,blood pressure monitoring,mentioned_with,high,Synthetic clinical safety association used to test medication safety retrieval and rule filtering.,"Review patient-specific context, current labs, and active medication list before final clinical action."
carvedilol,blood pressure monitoring,causes,low,Synthetic clinical safety association used to test medication safety retrieval and rule filtering.,"Review patient-specific context, current labs, and active medication list before final clinical action."
metoprolol,blood pressure monitoring,interacts_with,medium,Synthetic clinical safety association used to test medication safety retrieval and rule filtering.,"Review patient-specific context, current labs, and active medication list before final clinical action."
propranolol,blood pressure monitoring,mentioned_with,medium,Synthetic clinical safety association used to test medication safety retrieval and rule filtering.,"Review patient-specific context, current labs, and active medication list before final clinical action."
furosemide,blood pressure monitoring,causes,high,Synthetic clinical safety association used to test medication safety retrieval and rule filtering.,"Review patient-specific context, current labs, and active medication list before final clinical action."
torsemide,blood pressure monitoring,interacts_with,low,Synthetic clinical safety association used to test medication safety retrieval and rule filtering.,"Review patient-specific context, current labs, and active medication list before final clinical action."
prednisone,blood pressure monitoring,mentioned_with,medium,Synthetic clinical safety association used to test medication safety retrieval and rule filtering.,"Review patient-specific context, current labs, and active medication list before final clinical action."
dexamethasone,blood pressure monitoring,causes,medium,Synthetic clinical safety association used to test medication safety retrieval and rule filtering.,"Review patient-specific context, current labs, and active medication list before final clinical action."
pantoprazole,blood pressure monitoring,interacts_with,high,Synthetic clinical safety association used to test medication safety retrieval and rule filtering.,"Review patient-specific context, current labs, and active medication list before final clinical action."
omeprazole,blood pressure monitoring,mentioned_with,low,Synthetic clinical safety association used to test medication safety retrieval and rule filtering.,"Review patient-specific context, current labs, and active medication list before final clinical action."
